--
-- PostgreSQL database cluster dump
--

-- Started on 2026-03-09 07:30:06

\restrict D6UfRiAPkwbphKnpFd8Dgb7vfAJ2mXZCNyIe3w4FVu7QJAJ4Q3GXDPpMzXEp7zr

SET default_transaction_read_only = off;

SET client_encoding = 'UTF8';
SET standard_conforming_strings = on;

--
-- Roles
--

CREATE ROLE postgres;
ALTER ROLE postgres WITH SUPERUSER INHERIT CREATEROLE CREATEDB LOGIN REPLICATION BYPASSRLS PASSWORD 'SCRAM-SHA-256$4096:EDKsSx7lyWVmJOMvX2Py1Q==$MPfRPwJVGuKZieziauMlC7ayym2PRDU2T+PJHajFZwk=:fYpw2MgX5JTgAshl2YRh8SDJ4bpzyCYf7UX3b2rDar8=';

--
-- User Configurations
--








\unrestrict D6UfRiAPkwbphKnpFd8Dgb7vfAJ2mXZCNyIe3w4FVu7QJAJ4Q3GXDPpMzXEp7zr

--
-- Databases
--

--
-- Database "template1" dump
--

\connect template1

--
-- PostgreSQL database dump
--

\restrict Ja7AO45hbpkOfkRWFEUy8csy4yCDUvqaHZlzIbR5Gv29ST4eMlMMNLEBYx1fPKy

-- Dumped from database version 18.3
-- Dumped by pg_dump version 18.1

-- Started on 2026-03-09 07:30:06

SET statement_timeout = 0;
SET lock_timeout = 0;
SET idle_in_transaction_session_timeout = 0;
SET transaction_timeout = 0;
SET client_encoding = 'UTF8';
SET standard_conforming_strings = on;
SELECT pg_catalog.set_config('search_path', '', false);
SET check_function_bodies = false;
SET xmloption = content;
SET client_min_messages = warning;
SET row_security = off;

-- Completed on 2026-03-09 07:30:06

--
-- PostgreSQL database dump complete
--

\unrestrict Ja7AO45hbpkOfkRWFEUy8csy4yCDUvqaHZlzIbR5Gv29ST4eMlMMNLEBYx1fPKy

--
-- Database "ngdsite" dump
--

--
-- PostgreSQL database dump
--

\restrict OvWPBU6JDXKqW14NaxGxv5v2NRYHKJDT2deqhqIo1h1J8qK3rLBPY6Glu9SaWpr

-- Dumped from database version 18.3
-- Dumped by pg_dump version 18.1

-- Started on 2026-03-09 07:30:06

SET statement_timeout = 0;
SET lock_timeout = 0;
SET idle_in_transaction_session_timeout = 0;
SET transaction_timeout = 0;
SET client_encoding = 'UTF8';
SET standard_conforming_strings = on;
SELECT pg_catalog.set_config('search_path', '', false);
SET check_function_bodies = false;
SET xmloption = content;
SET client_min_messages = warning;
SET row_security = off;

--
-- TOC entry 5202 (class 1262 OID 16388)
-- Name: ngdsite; Type: DATABASE; Schema: -; Owner: postgres
--

CREATE DATABASE ngdsite WITH TEMPLATE = template0 ENCODING = 'UTF8' LOCALE_PROVIDER = libc LOCALE = 'Portuguese_Brazil.1252';


ALTER DATABASE ngdsite OWNER TO postgres;

\unrestrict OvWPBU6JDXKqW14NaxGxv5v2NRYHKJDT2deqhqIo1h1J8qK3rLBPY6Glu9SaWpr
\connect ngdsite
\restrict OvWPBU6JDXKqW14NaxGxv5v2NRYHKJDT2deqhqIo1h1J8qK3rLBPY6Glu9SaWpr

SET statement_timeout = 0;
SET lock_timeout = 0;
SET idle_in_transaction_session_timeout = 0;
SET transaction_timeout = 0;
SET client_encoding = 'UTF8';
SET standard_conforming_strings = on;
SELECT pg_catalog.set_config('search_path', '', false);
SET check_function_bodies = false;
SET xmloption = content;
SET client_min_messages = warning;
SET row_security = off;

--
-- TOC entry 5 (class 2615 OID 17272)
-- Name: public; Type: SCHEMA; Schema: -; Owner: postgres
--

-- *not* creating schema, since initdb creates it


ALTER SCHEMA public OWNER TO postgres;

--
-- TOC entry 5203 (class 0 OID 0)
-- Dependencies: 5
-- Name: SCHEMA public; Type: COMMENT; Schema: -; Owner: postgres
--

COMMENT ON SCHEMA public IS '';


SET default_tablespace = '';

SET default_table_access_method = heap;

--
-- TOC entry 226 (class 1259 OID 17308)
-- Name: auth_group; Type: TABLE; Schema: public; Owner: postgres
--

CREATE TABLE public.auth_group (
    id integer NOT NULL,
    name character varying(150) NOT NULL
);


ALTER TABLE public.auth_group OWNER TO postgres;

--
-- TOC entry 225 (class 1259 OID 17307)
-- Name: auth_group_id_seq; Type: SEQUENCE; Schema: public; Owner: postgres
--

ALTER TABLE public.auth_group ALTER COLUMN id ADD GENERATED BY DEFAULT AS IDENTITY (
    SEQUENCE NAME public.auth_group_id_seq
    START WITH 1
    INCREMENT BY 1
    NO MINVALUE
    NO MAXVALUE
    CACHE 1
);


--
-- TOC entry 228 (class 1259 OID 17318)
-- Name: auth_group_permissions; Type: TABLE; Schema: public; Owner: postgres
--

CREATE TABLE public.auth_group_permissions (
    id bigint NOT NULL,
    group_id integer NOT NULL,
    permission_id integer NOT NULL
);


ALTER TABLE public.auth_group_permissions OWNER TO postgres;

--
-- TOC entry 227 (class 1259 OID 17317)
-- Name: auth_group_permissions_id_seq; Type: SEQUENCE; Schema: public; Owner: postgres
--

ALTER TABLE public.auth_group_permissions ALTER COLUMN id ADD GENERATED BY DEFAULT AS IDENTITY (
    SEQUENCE NAME public.auth_group_permissions_id_seq
    START WITH 1
    INCREMENT BY 1
    NO MINVALUE
    NO MAXVALUE
    CACHE 1
);


--
-- TOC entry 224 (class 1259 OID 17298)
-- Name: auth_permission; Type: TABLE; Schema: public; Owner: postgres
--

CREATE TABLE public.auth_permission (
    id integer NOT NULL,
    name character varying(255) NOT NULL,
    content_type_id integer NOT NULL,
    codename character varying(100) NOT NULL
);


ALTER TABLE public.auth_permission OWNER TO postgres;

--
-- TOC entry 223 (class 1259 OID 17297)
-- Name: auth_permission_id_seq; Type: SEQUENCE; Schema: public; Owner: postgres
--

ALTER TABLE public.auth_permission ALTER COLUMN id ADD GENERATED BY DEFAULT AS IDENTITY (
    SEQUENCE NAME public.auth_permission_id_seq
    START WITH 1
    INCREMENT BY 1
    NO MINVALUE
    NO MAXVALUE
    CACHE 1
);


--
-- TOC entry 230 (class 1259 OID 17327)
-- Name: auth_user; Type: TABLE; Schema: public; Owner: postgres
--

CREATE TABLE public.auth_user (
    id integer NOT NULL,
    password character varying(128) NOT NULL,
    last_login timestamp with time zone,
    is_superuser boolean NOT NULL,
    username character varying(150) NOT NULL,
    first_name character varying(150) NOT NULL,
    last_name character varying(150) NOT NULL,
    email character varying(254) NOT NULL,
    is_staff boolean NOT NULL,
    is_active boolean NOT NULL,
    date_joined timestamp with time zone NOT NULL
);


ALTER TABLE public.auth_user OWNER TO postgres;

--
-- TOC entry 232 (class 1259 OID 17346)
-- Name: auth_user_groups; Type: TABLE; Schema: public; Owner: postgres
--

CREATE TABLE public.auth_user_groups (
    id bigint NOT NULL,
    user_id integer NOT NULL,
    group_id integer NOT NULL
);


ALTER TABLE public.auth_user_groups OWNER TO postgres;

--
-- TOC entry 231 (class 1259 OID 17345)
-- Name: auth_user_groups_id_seq; Type: SEQUENCE; Schema: public; Owner: postgres
--

ALTER TABLE public.auth_user_groups ALTER COLUMN id ADD GENERATED BY DEFAULT AS IDENTITY (
    SEQUENCE NAME public.auth_user_groups_id_seq
    START WITH 1
    INCREMENT BY 1
    NO MINVALUE
    NO MAXVALUE
    CACHE 1
);


--
-- TOC entry 229 (class 1259 OID 17326)
-- Name: auth_user_id_seq; Type: SEQUENCE; Schema: public; Owner: postgres
--

ALTER TABLE public.auth_user ALTER COLUMN id ADD GENERATED BY DEFAULT AS IDENTITY (
    SEQUENCE NAME public.auth_user_id_seq
    START WITH 1
    INCREMENT BY 1
    NO MINVALUE
    NO MAXVALUE
    CACHE 1
);


--
-- TOC entry 234 (class 1259 OID 17355)
-- Name: auth_user_user_permissions; Type: TABLE; Schema: public; Owner: postgres
--

CREATE TABLE public.auth_user_user_permissions (
    id bigint NOT NULL,
    user_id integer NOT NULL,
    permission_id integer NOT NULL
);


ALTER TABLE public.auth_user_user_permissions OWNER TO postgres;

--
-- TOC entry 233 (class 1259 OID 17354)
-- Name: auth_user_user_permissions_id_seq; Type: SEQUENCE; Schema: public; Owner: postgres
--

ALTER TABLE public.auth_user_user_permissions ALTER COLUMN id ADD GENERATED BY DEFAULT AS IDENTITY (
    SEQUENCE NAME public.auth_user_user_permissions_id_seq
    START WITH 1
    INCREMENT BY 1
    NO MINVALUE
    NO MAXVALUE
    CACHE 1
);


--
-- TOC entry 238 (class 1259 OID 17457)
-- Name: catalog_category; Type: TABLE; Schema: public; Owner: postgres
--

CREATE TABLE public.catalog_category (
    id bigint NOT NULL,
    name character varying(255) NOT NULL,
    slug character varying(255) NOT NULL,
    description text NOT NULL,
    image character varying(100),
    is_active boolean NOT NULL
);


ALTER TABLE public.catalog_category OWNER TO postgres;

--
-- TOC entry 237 (class 1259 OID 17456)
-- Name: catalog_category_id_seq; Type: SEQUENCE; Schema: public; Owner: postgres
--

ALTER TABLE public.catalog_category ALTER COLUMN id ADD GENERATED BY DEFAULT AS IDENTITY (
    SEQUENCE NAME public.catalog_category_id_seq
    START WITH 1
    INCREMENT BY 1
    NO MINVALUE
    NO MAXVALUE
    CACHE 1
);


--
-- TOC entry 240 (class 1259 OID 17472)
-- Name: catalog_product; Type: TABLE; Schema: public; Owner: postgres
--

CREATE TABLE public.catalog_product (
    id bigint NOT NULL,
    name character varying(255) NOT NULL,
    slug character varying(255) NOT NULL,
    short_description text NOT NULL,
    description text NOT NULL,
    featured_image character varying(100),
    is_active boolean NOT NULL,
    is_featured boolean NOT NULL,
    category_id bigint NOT NULL
);


ALTER TABLE public.catalog_product OWNER TO postgres;

--
-- TOC entry 239 (class 1259 OID 17471)
-- Name: catalog_product_id_seq; Type: SEQUENCE; Schema: public; Owner: postgres
--

ALTER TABLE public.catalog_product ALTER COLUMN id ADD GENERATED BY DEFAULT AS IDENTITY (
    SEQUENCE NAME public.catalog_product_id_seq
    START WITH 1
    INCREMENT BY 1
    NO MINVALUE
    NO MAXVALUE
    CACHE 1
);


--
-- TOC entry 242 (class 1259 OID 17490)
-- Name: catalog_productimage; Type: TABLE; Schema: public; Owner: postgres
--

CREATE TABLE public.catalog_productimage (
    id bigint NOT NULL,
    image character varying(100) NOT NULL,
    alt_text character varying(255) NOT NULL,
    sort_order integer NOT NULL,
    product_id bigint NOT NULL
);


ALTER TABLE public.catalog_productimage OWNER TO postgres;

--
-- TOC entry 241 (class 1259 OID 17489)
-- Name: catalog_productimage_id_seq; Type: SEQUENCE; Schema: public; Owner: postgres
--

ALTER TABLE public.catalog_productimage ALTER COLUMN id ADD GENERATED BY DEFAULT AS IDENTITY (
    SEQUENCE NAME public.catalog_productimage_id_seq
    START WITH 1
    INCREMENT BY 1
    NO MINVALUE
    NO MAXVALUE
    CACHE 1
);


--
-- TOC entry 244 (class 1259 OID 17501)
-- Name: catalog_productvariant; Type: TABLE; Schema: public; Owner: postgres
--

CREATE TABLE public.catalog_productvariant (
    id bigint NOT NULL,
    sku character varying(100) NOT NULL,
    size_label character varying(100) NOT NULL,
    width_cm numeric(10,2) NOT NULL,
    height_cm numeric(10,2) NOT NULL,
    price numeric(10,2) NOT NULL,
    template_file character varying(100),
    manual_file character varying(100),
    is_active boolean NOT NULL,
    product_id bigint NOT NULL
);


ALTER TABLE public.catalog_productvariant OWNER TO postgres;

--
-- TOC entry 243 (class 1259 OID 17500)
-- Name: catalog_productvariant_id_seq; Type: SEQUENCE; Schema: public; Owner: postgres
--

ALTER TABLE public.catalog_productvariant ALTER COLUMN id ADD GENERATED BY DEFAULT AS IDENTITY (
    SEQUENCE NAME public.catalog_productvariant_id_seq
    START WITH 1
    INCREMENT BY 1
    NO MINVALUE
    NO MAXVALUE
    CACHE 1
);


--
-- TOC entry 236 (class 1259 OID 17416)
-- Name: django_admin_log; Type: TABLE; Schema: public; Owner: postgres
--

CREATE TABLE public.django_admin_log (
    id integer NOT NULL,
    action_time timestamp with time zone NOT NULL,
    object_id text,
    object_repr character varying(200) NOT NULL,
    action_flag smallint NOT NULL,
    change_message text NOT NULL,
    content_type_id integer,
    user_id integer NOT NULL,
    CONSTRAINT django_admin_log_action_flag_check CHECK ((action_flag >= 0))
);


ALTER TABLE public.django_admin_log OWNER TO postgres;

--
-- TOC entry 235 (class 1259 OID 17415)
-- Name: django_admin_log_id_seq; Type: SEQUENCE; Schema: public; Owner: postgres
--

ALTER TABLE public.django_admin_log ALTER COLUMN id ADD GENERATED BY DEFAULT AS IDENTITY (
    SEQUENCE NAME public.django_admin_log_id_seq
    START WITH 1
    INCREMENT BY 1
    NO MINVALUE
    NO MAXVALUE
    CACHE 1
);


--
-- TOC entry 222 (class 1259 OID 17286)
-- Name: django_content_type; Type: TABLE; Schema: public; Owner: postgres
--

CREATE TABLE public.django_content_type (
    id integer NOT NULL,
    app_label character varying(100) NOT NULL,
    model character varying(100) NOT NULL
);


ALTER TABLE public.django_content_type OWNER TO postgres;

--
-- TOC entry 221 (class 1259 OID 17285)
-- Name: django_content_type_id_seq; Type: SEQUENCE; Schema: public; Owner: postgres
--

ALTER TABLE public.django_content_type ALTER COLUMN id ADD GENERATED BY DEFAULT AS IDENTITY (
    SEQUENCE NAME public.django_content_type_id_seq
    START WITH 1
    INCREMENT BY 1
    NO MINVALUE
    NO MAXVALUE
    CACHE 1
);


--
-- TOC entry 220 (class 1259 OID 17274)
-- Name: django_migrations; Type: TABLE; Schema: public; Owner: postgres
--

CREATE TABLE public.django_migrations (
    id bigint NOT NULL,
    app character varying(255) NOT NULL,
    name character varying(255) NOT NULL,
    applied timestamp with time zone NOT NULL
);


ALTER TABLE public.django_migrations OWNER TO postgres;

--
-- TOC entry 219 (class 1259 OID 17273)
-- Name: django_migrations_id_seq; Type: SEQUENCE; Schema: public; Owner: postgres
--

ALTER TABLE public.django_migrations ALTER COLUMN id ADD GENERATED BY DEFAULT AS IDENTITY (
    SEQUENCE NAME public.django_migrations_id_seq
    START WITH 1
    INCREMENT BY 1
    NO MINVALUE
    NO MAXVALUE
    CACHE 1
);


--
-- TOC entry 249 (class 1259 OID 17575)
-- Name: django_session; Type: TABLE; Schema: public; Owner: postgres
--

CREATE TABLE public.django_session (
    session_key character varying(40) NOT NULL,
    session_data text NOT NULL,
    expire_date timestamp with time zone NOT NULL
);


ALTER TABLE public.django_session OWNER TO postgres;

--
-- TOC entry 246 (class 1259 OID 17538)
-- Name: orders_order; Type: TABLE; Schema: public; Owner: postgres
--

CREATE TABLE public.orders_order (
    id bigint NOT NULL,
    customer_name character varying(150) NOT NULL,
    customer_email character varying(254) NOT NULL,
    customer_phone character varying(20) NOT NULL,
    status character varying(30) NOT NULL,
    subtotal numeric(10,2) NOT NULL,
    total numeric(10,2) NOT NULL,
    created_at timestamp with time zone NOT NULL,
    updated_at timestamp with time zone NOT NULL
);


ALTER TABLE public.orders_order OWNER TO postgres;

--
-- TOC entry 245 (class 1259 OID 17537)
-- Name: orders_order_id_seq; Type: SEQUENCE; Schema: public; Owner: postgres
--

ALTER TABLE public.orders_order ALTER COLUMN id ADD GENERATED BY DEFAULT AS IDENTITY (
    SEQUENCE NAME public.orders_order_id_seq
    START WITH 1
    INCREMENT BY 1
    NO MINVALUE
    NO MAXVALUE
    CACHE 1
);


--
-- TOC entry 248 (class 1259 OID 17553)
-- Name: orders_orderitem; Type: TABLE; Schema: public; Owner: postgres
--

CREATE TABLE public.orders_orderitem (
    id bigint NOT NULL,
    quantity integer NOT NULL,
    price numeric(10,2) NOT NULL,
    order_id bigint NOT NULL,
    variant_id bigint,
    CONSTRAINT orders_orderitem_quantity_check CHECK ((quantity >= 0))
);


ALTER TABLE public.orders_orderitem OWNER TO postgres;

--
-- TOC entry 247 (class 1259 OID 17552)
-- Name: orders_orderitem_id_seq; Type: SEQUENCE; Schema: public; Owner: postgres
--

ALTER TABLE public.orders_orderitem ALTER COLUMN id ADD GENERATED BY DEFAULT AS IDENTITY (
    SEQUENCE NAME public.orders_orderitem_id_seq
    START WITH 1
    INCREMENT BY 1
    NO MINVALUE
    NO MAXVALUE
    CACHE 1
);


--
-- TOC entry 5173 (class 0 OID 17308)
-- Dependencies: 226
-- Data for Name: auth_group; Type: TABLE DATA; Schema: public; Owner: postgres
--

COPY public.auth_group (id, name) FROM stdin;
\.


--
-- TOC entry 5175 (class 0 OID 17318)
-- Dependencies: 228
-- Data for Name: auth_group_permissions; Type: TABLE DATA; Schema: public; Owner: postgres
--

COPY public.auth_group_permissions (id, group_id, permission_id) FROM stdin;
\.


--
-- TOC entry 5171 (class 0 OID 17298)
-- Dependencies: 224
-- Data for Name: auth_permission; Type: TABLE DATA; Schema: public; Owner: postgres
--

COPY public.auth_permission (id, name, content_type_id, codename) FROM stdin;
1	Can add log entry	1	add_logentry
2	Can change log entry	1	change_logentry
3	Can delete log entry	1	delete_logentry
4	Can view log entry	1	view_logentry
5	Can add permission	3	add_permission
6	Can change permission	3	change_permission
7	Can delete permission	3	delete_permission
8	Can view permission	3	view_permission
9	Can add group	2	add_group
10	Can change group	2	change_group
11	Can delete group	2	delete_group
12	Can view group	2	view_group
13	Can add user	4	add_user
14	Can change user	4	change_user
15	Can delete user	4	delete_user
16	Can view user	4	view_user
17	Can add content type	5	add_contenttype
18	Can change content type	5	change_contenttype
19	Can delete content type	5	delete_contenttype
20	Can view content type	5	view_contenttype
21	Can add session	6	add_session
22	Can change session	6	change_session
23	Can delete session	6	delete_session
24	Can view session	6	view_session
25	Can add Categoria	7	add_category
26	Can change Categoria	7	change_category
27	Can delete Categoria	7	delete_category
28	Can view Categoria	7	view_category
29	Can add Produto	8	add_product
30	Can change Produto	8	change_product
31	Can delete Produto	8	delete_product
32	Can view Produto	8	view_product
33	Can add Imagem do Produto	9	add_productimage
34	Can change Imagem do Produto	9	change_productimage
35	Can delete Imagem do Produto	9	delete_productimage
36	Can view Imagem do Produto	9	view_productimage
37	Can add Variante de Produto	10	add_productvariant
38	Can change Variante de Produto	10	change_productvariant
39	Can delete Variante de Produto	10	delete_productvariant
40	Can view Variante de Produto	10	view_productvariant
41	Can add Pedido	11	add_order
42	Can change Pedido	11	change_order
43	Can delete Pedido	11	delete_order
44	Can view Pedido	11	view_order
45	Can add Item do Pedido	12	add_orderitem
46	Can change Item do Pedido	12	change_orderitem
47	Can delete Item do Pedido	12	delete_orderitem
48	Can view Item do Pedido	12	view_orderitem
\.


--
-- TOC entry 5177 (class 0 OID 17327)
-- Dependencies: 230
-- Data for Name: auth_user; Type: TABLE DATA; Schema: public; Owner: postgres
--

COPY public.auth_user (id, password, last_login, is_superuser, username, first_name, last_name, email, is_staff, is_active, date_joined) FROM stdin;
1	pbkdf2_sha256$1200000$sK14Nv8fUfTjPEhbnjFtwq$wUtZcygGSG5yJMEXmmU2r1zarWPXsk4GAeqq8+8elIs=	2026-03-07 21:03:32.161788-03	t	felipe			philipe.fernandes0101@gmail.com	t	t	2026-03-07 20:47:44.397244-03
\.


--
-- TOC entry 5179 (class 0 OID 17346)
-- Dependencies: 232
-- Data for Name: auth_user_groups; Type: TABLE DATA; Schema: public; Owner: postgres
--

COPY public.auth_user_groups (id, user_id, group_id) FROM stdin;
\.


--
-- TOC entry 5181 (class 0 OID 17355)
-- Dependencies: 234
-- Data for Name: auth_user_user_permissions; Type: TABLE DATA; Schema: public; Owner: postgres
--

COPY public.auth_user_user_permissions (id, user_id, permission_id) FROM stdin;
\.


--
-- TOC entry 5185 (class 0 OID 17457)
-- Dependencies: 238
-- Data for Name: catalog_category; Type: TABLE DATA; Schema: public; Owner: postgres
--

COPY public.catalog_category (id, name, slug, description, image, is_active) FROM stdin;
1	Totens PDV	totens-pdv			t
2	Displays / PDV	displays-pdv			t
\.


--
-- TOC entry 5187 (class 0 OID 17472)
-- Dependencies: 240
-- Data for Name: catalog_product; Type: TABLE DATA; Schema: public; Owner: postgres
--

COPY public.catalog_product (id, name, slug, short_description, description, featured_image, is_active, is_featured, category_id) FROM stdin;
1	Totem Elíptico (Lamá)	totem-eliptico	Totem Elíptico disponível em diversos formatos. Impressão de alta resolução com cura UV, colorida frente.	Marketing Inteligente para PDV! Montagem em 3 segundos automontável.	products/featured/totem_eliptico_mock.png	t	t	1
2	Cubo Promocional	cubo-promocional	Gere volume e chame atenção à distância. Caixas leves e resistentes para montagem de incríveis composições.	Produzido no poliondas, empilháveis entre si gerando ilhas magníficas de impacto.	products/featured/cubo_promocional_mock.png	t	t	2
3	Wobbler Promocional	wobbler	Material que salta aos olhos do cliente, ideal para anunciar lançamentos na gôndola.	Impresso em alta resolução com formato especial e haste flexível transparente de fixação rápida.	products/featured/wobbler_mock.png	t	t	2
\.


--
-- TOC entry 5189 (class 0 OID 17490)
-- Dependencies: 242
-- Data for Name: catalog_productimage; Type: TABLE DATA; Schema: public; Owner: postgres
--

COPY public.catalog_productimage (id, image, alt_text, sort_order, product_id) FROM stdin;
\.


--
-- TOC entry 5191 (class 0 OID 17501)
-- Dependencies: 244
-- Data for Name: catalog_productvariant; Type: TABLE DATA; Schema: public; Owner: postgres
--

COPY public.catalog_productvariant (id, sku, size_label, width_cm, height_cm, price, template_file, manual_file, is_active, product_id) FROM stdin;
1	ELI-40X120	40x120cm	40.00	120.00	89.90			t	1
2	ELI-50X150	50x150cm	50.00	150.00	139.90			t	1
3	ELI-60X180	60x180cm	60.00	180.00	179.90			t	1
5	CUB-40X40	40x40x40cm	40.00	40.00	45.00			t	2
6	WOB-15X15	15x15cm	15.00	15.00	4.50			t	3
\.


--
-- TOC entry 5183 (class 0 OID 17416)
-- Dependencies: 236
-- Data for Name: django_admin_log; Type: TABLE DATA; Schema: public; Owner: postgres
--

COPY public.django_admin_log (id, action_time, object_id, object_repr, action_flag, change_message, content_type_id, user_id) FROM stdin;
\.


--
-- TOC entry 5169 (class 0 OID 17286)
-- Dependencies: 222
-- Data for Name: django_content_type; Type: TABLE DATA; Schema: public; Owner: postgres
--

COPY public.django_content_type (id, app_label, model) FROM stdin;
1	admin	logentry
2	auth	group
3	auth	permission
4	auth	user
5	contenttypes	contenttype
6	sessions	session
7	catalog	category
8	catalog	product
9	catalog	productimage
10	catalog	productvariant
11	orders	order
12	orders	orderitem
\.


--
-- TOC entry 5167 (class 0 OID 17274)
-- Dependencies: 220
-- Data for Name: django_migrations; Type: TABLE DATA; Schema: public; Owner: postgres
--

COPY public.django_migrations (id, app, name, applied) FROM stdin;
1	contenttypes	0001_initial	2026-03-07 20:28:39.864325-03
2	auth	0001_initial	2026-03-07 20:28:39.932994-03
3	admin	0001_initial	2026-03-07 20:28:39.952154-03
4	admin	0002_logentry_remove_auto_add	2026-03-07 20:28:39.958491-03
5	admin	0003_logentry_add_action_flag_choices	2026-03-07 20:28:39.96547-03
6	contenttypes	0002_remove_content_type_name	2026-03-07 20:28:39.985223-03
7	auth	0002_alter_permission_name_max_length	2026-03-07 20:28:39.99336-03
8	auth	0003_alter_user_email_max_length	2026-03-07 20:28:40.001599-03
9	auth	0004_alter_user_username_opts	2026-03-07 20:28:40.007922-03
10	auth	0005_alter_user_last_login_null	2026-03-07 20:28:40.015825-03
11	auth	0006_require_contenttypes_0002	2026-03-07 20:28:40.016895-03
12	auth	0007_alter_validators_add_error_messages	2026-03-07 20:28:40.02397-03
13	auth	0008_alter_user_username_max_length	2026-03-07 20:28:40.03538-03
14	auth	0009_alter_user_last_name_max_length	2026-03-07 20:28:40.043824-03
15	auth	0010_alter_group_name_max_length	2026-03-07 20:28:40.051508-03
16	auth	0011_update_proxy_permissions	2026-03-07 20:28:40.057557-03
17	auth	0012_alter_user_first_name_max_length	2026-03-07 20:28:40.064627-03
18	catalog	0001_initial	2026-03-07 20:28:40.113833-03
19	orders	0001_initial	2026-03-07 20:28:40.13622-03
20	sessions	0001_initial	2026-03-07 20:28:40.146437-03
\.


--
-- TOC entry 5196 (class 0 OID 17575)
-- Dependencies: 249
-- Data for Name: django_session; Type: TABLE DATA; Schema: public; Owner: postgres
--

COPY public.django_session (session_key, session_data, expire_date) FROM stdin;
gsgl5gpcaat48rjkmz6krkgm8txoozkt	.eJxVjLsOgzAMAP_FcxUlEDDJ2L3fgBzbaWgrkHhMiH-vkFhY7063A9O8QtyPB_S0raXfFp37QSCCgxtLxF8dTyEfGt-T4Wlc5yGZMzGXXcxrEv09r_Y2KLQUiJCyRXENpzoFrL1X9BVm6kizdN7b1nJug6KKsFQ5WVWfER0HlNCgg-MPRw479w:1vz1cU:KUTgrDvHjIV6MYf5L_kU69w-CqXlrFCgu-k-qSe6a1g	2026-03-21 21:03:42.155646-03
\.


--
-- TOC entry 5193 (class 0 OID 17538)
-- Dependencies: 246
-- Data for Name: orders_order; Type: TABLE DATA; Schema: public; Owner: postgres
--

COPY public.orders_order (id, customer_name, customer_email, customer_phone, status, subtotal, total, created_at, updated_at) FROM stdin;
1	Philipe Fernandes	philipe.fernandes0101@gmail.com	6198472735	aguardando_pagamento	2698.00	2698.00	2026-03-07 20:56:30.607666-03	2026-03-07 20:56:30.607677-03
\.


--
-- TOC entry 5195 (class 0 OID 17553)
-- Dependencies: 248
-- Data for Name: orders_orderitem; Type: TABLE DATA; Schema: public; Owner: postgres
--

COPY public.orders_orderitem (id, quantity, price, order_id, variant_id) FROM stdin;
1	10	89.90	1	1
2	10	179.90	1	3
\.


--
-- TOC entry 5205 (class 0 OID 0)
-- Dependencies: 225
-- Name: auth_group_id_seq; Type: SEQUENCE SET; Schema: public; Owner: postgres
--

SELECT pg_catalog.setval('public.auth_group_id_seq', 1, false);


--
-- TOC entry 5206 (class 0 OID 0)
-- Dependencies: 227
-- Name: auth_group_permissions_id_seq; Type: SEQUENCE SET; Schema: public; Owner: postgres
--

SELECT pg_catalog.setval('public.auth_group_permissions_id_seq', 1, false);


--
-- TOC entry 5207 (class 0 OID 0)
-- Dependencies: 223
-- Name: auth_permission_id_seq; Type: SEQUENCE SET; Schema: public; Owner: postgres
--

SELECT pg_catalog.setval('public.auth_permission_id_seq', 48, true);


--
-- TOC entry 5208 (class 0 OID 0)
-- Dependencies: 231
-- Name: auth_user_groups_id_seq; Type: SEQUENCE SET; Schema: public; Owner: postgres
--

SELECT pg_catalog.setval('public.auth_user_groups_id_seq', 1, false);


--
-- TOC entry 5209 (class 0 OID 0)
-- Dependencies: 229
-- Name: auth_user_id_seq; Type: SEQUENCE SET; Schema: public; Owner: postgres
--

SELECT pg_catalog.setval('public.auth_user_id_seq', 1, true);


--
-- TOC entry 5210 (class 0 OID 0)
-- Dependencies: 233
-- Name: auth_user_user_permissions_id_seq; Type: SEQUENCE SET; Schema: public; Owner: postgres
--

SELECT pg_catalog.setval('public.auth_user_user_permissions_id_seq', 1, false);


--
-- TOC entry 5211 (class 0 OID 0)
-- Dependencies: 237
-- Name: catalog_category_id_seq; Type: SEQUENCE SET; Schema: public; Owner: postgres
--

SELECT pg_catalog.setval('public.catalog_category_id_seq', 2, true);


--
-- TOC entry 5212 (class 0 OID 0)
-- Dependencies: 239
-- Name: catalog_product_id_seq; Type: SEQUENCE SET; Schema: public; Owner: postgres
--

SELECT pg_catalog.setval('public.catalog_product_id_seq', 3, true);


--
-- TOC entry 5213 (class 0 OID 0)
-- Dependencies: 241
-- Name: catalog_productimage_id_seq; Type: SEQUENCE SET; Schema: public; Owner: postgres
--

SELECT pg_catalog.setval('public.catalog_productimage_id_seq', 1, false);


--
-- TOC entry 5214 (class 0 OID 0)
-- Dependencies: 243
-- Name: catalog_productvariant_id_seq; Type: SEQUENCE SET; Schema: public; Owner: postgres
--

SELECT pg_catalog.setval('public.catalog_productvariant_id_seq', 6, true);


--
-- TOC entry 5215 (class 0 OID 0)
-- Dependencies: 235
-- Name: django_admin_log_id_seq; Type: SEQUENCE SET; Schema: public; Owner: postgres
--

SELECT pg_catalog.setval('public.django_admin_log_id_seq', 1, false);


--
-- TOC entry 5216 (class 0 OID 0)
-- Dependencies: 221
-- Name: django_content_type_id_seq; Type: SEQUENCE SET; Schema: public; Owner: postgres
--

SELECT pg_catalog.setval('public.django_content_type_id_seq', 12, true);


--
-- TOC entry 5217 (class 0 OID 0)
-- Dependencies: 219
-- Name: django_migrations_id_seq; Type: SEQUENCE SET; Schema: public; Owner: postgres
--

SELECT pg_catalog.setval('public.django_migrations_id_seq', 20, true);


--
-- TOC entry 5218 (class 0 OID 0)
-- Dependencies: 245
-- Name: orders_order_id_seq; Type: SEQUENCE SET; Schema: public; Owner: postgres
--

SELECT pg_catalog.setval('public.orders_order_id_seq', 1, true);


--
-- TOC entry 5219 (class 0 OID 0)
-- Dependencies: 247
-- Name: orders_orderitem_id_seq; Type: SEQUENCE SET; Schema: public; Owner: postgres
--

SELECT pg_catalog.setval('public.orders_orderitem_id_seq', 2, true);


--
-- TOC entry 4945 (class 2606 OID 17452)
-- Name: auth_group auth_group_name_key; Type: CONSTRAINT; Schema: public; Owner: postgres
--

ALTER TABLE ONLY public.auth_group
    ADD CONSTRAINT auth_group_name_key UNIQUE (name);


--
-- TOC entry 4950 (class 2606 OID 17373)
-- Name: auth_group_permissions auth_group_permissions_group_id_permission_id_0cd325b0_uniq; Type: CONSTRAINT; Schema: public; Owner: postgres
--

ALTER TABLE ONLY public.auth_group_permissions
    ADD CONSTRAINT auth_group_permissions_group_id_permission_id_0cd325b0_uniq UNIQUE (group_id, permission_id);


--
-- TOC entry 4953 (class 2606 OID 17325)
-- Name: auth_group_permissions auth_group_permissions_pkey; Type: CONSTRAINT; Schema: public; Owner: postgres
--

ALTER TABLE ONLY public.auth_group_permissions
    ADD CONSTRAINT auth_group_permissions_pkey PRIMARY KEY (id);


--
-- TOC entry 4947 (class 2606 OID 17314)
-- Name: auth_group auth_group_pkey; Type: CONSTRAINT; Schema: public; Owner: postgres
--

ALTER TABLE ONLY public.auth_group
    ADD CONSTRAINT auth_group_pkey PRIMARY KEY (id);


--
-- TOC entry 4940 (class 2606 OID 17364)
-- Name: auth_permission auth_permission_content_type_id_codename_01ab375a_uniq; Type: CONSTRAINT; Schema: public; Owner: postgres
--

ALTER TABLE ONLY public.auth_permission
    ADD CONSTRAINT auth_permission_content_type_id_codename_01ab375a_uniq UNIQUE (content_type_id, codename);


--
-- TOC entry 4942 (class 2606 OID 17306)
-- Name: auth_permission auth_permission_pkey; Type: CONSTRAINT; Schema: public; Owner: postgres
--

ALTER TABLE ONLY public.auth_permission
    ADD CONSTRAINT auth_permission_pkey PRIMARY KEY (id);


--
-- TOC entry 4961 (class 2606 OID 17353)
-- Name: auth_user_groups auth_user_groups_pkey; Type: CONSTRAINT; Schema: public; Owner: postgres
--

ALTER TABLE ONLY public.auth_user_groups
    ADD CONSTRAINT auth_user_groups_pkey PRIMARY KEY (id);


--
-- TOC entry 4964 (class 2606 OID 17388)
-- Name: auth_user_groups auth_user_groups_user_id_group_id_94350c0c_uniq; Type: CONSTRAINT; Schema: public; Owner: postgres
--

ALTER TABLE ONLY public.auth_user_groups
    ADD CONSTRAINT auth_user_groups_user_id_group_id_94350c0c_uniq UNIQUE (user_id, group_id);


--
-- TOC entry 4955 (class 2606 OID 17342)
-- Name: auth_user auth_user_pkey; Type: CONSTRAINT; Schema: public; Owner: postgres
--

ALTER TABLE ONLY public.auth_user
    ADD CONSTRAINT auth_user_pkey PRIMARY KEY (id);


--
-- TOC entry 4967 (class 2606 OID 17362)
-- Name: auth_user_user_permissions auth_user_user_permissions_pkey; Type: CONSTRAINT; Schema: public; Owner: postgres
--

ALTER TABLE ONLY public.auth_user_user_permissions
    ADD CONSTRAINT auth_user_user_permissions_pkey PRIMARY KEY (id);


--
-- TOC entry 4970 (class 2606 OID 17402)
-- Name: auth_user_user_permissions auth_user_user_permissions_user_id_permission_id_14a6b632_uniq; Type: CONSTRAINT; Schema: public; Owner: postgres
--

ALTER TABLE ONLY public.auth_user_user_permissions
    ADD CONSTRAINT auth_user_user_permissions_user_id_permission_id_14a6b632_uniq UNIQUE (user_id, permission_id);


--
-- TOC entry 4958 (class 2606 OID 17445)
-- Name: auth_user auth_user_username_key; Type: CONSTRAINT; Schema: public; Owner: postgres
--

ALTER TABLE ONLY public.auth_user
    ADD CONSTRAINT auth_user_username_key UNIQUE (username);


--
-- TOC entry 4976 (class 2606 OID 17468)
-- Name: catalog_category catalog_category_pkey; Type: CONSTRAINT; Schema: public; Owner: postgres
--

ALTER TABLE ONLY public.catalog_category
    ADD CONSTRAINT catalog_category_pkey PRIMARY KEY (id);


--
-- TOC entry 4979 (class 2606 OID 17470)
-- Name: catalog_category catalog_category_slug_key; Type: CONSTRAINT; Schema: public; Owner: postgres
--

ALTER TABLE ONLY public.catalog_category
    ADD CONSTRAINT catalog_category_slug_key UNIQUE (slug);


--
-- TOC entry 4982 (class 2606 OID 17486)
-- Name: catalog_product catalog_product_pkey; Type: CONSTRAINT; Schema: public; Owner: postgres
--

ALTER TABLE ONLY public.catalog_product
    ADD CONSTRAINT catalog_product_pkey PRIMARY KEY (id);


--
-- TOC entry 4985 (class 2606 OID 17488)
-- Name: catalog_product catalog_product_slug_key; Type: CONSTRAINT; Schema: public; Owner: postgres
--

ALTER TABLE ONLY public.catalog_product
    ADD CONSTRAINT catalog_product_slug_key UNIQUE (slug);


--
-- TOC entry 4987 (class 2606 OID 17499)
-- Name: catalog_productimage catalog_productimage_pkey; Type: CONSTRAINT; Schema: public; Owner: postgres
--

ALTER TABLE ONLY public.catalog_productimage
    ADD CONSTRAINT catalog_productimage_pkey PRIMARY KEY (id);


--
-- TOC entry 4990 (class 2606 OID 17513)
-- Name: catalog_productvariant catalog_productvariant_pkey; Type: CONSTRAINT; Schema: public; Owner: postgres
--

ALTER TABLE ONLY public.catalog_productvariant
    ADD CONSTRAINT catalog_productvariant_pkey PRIMARY KEY (id);


--
-- TOC entry 4994 (class 2606 OID 17515)
-- Name: catalog_productvariant catalog_productvariant_sku_key; Type: CONSTRAINT; Schema: public; Owner: postgres
--

ALTER TABLE ONLY public.catalog_productvariant
    ADD CONSTRAINT catalog_productvariant_sku_key UNIQUE (sku);


--
-- TOC entry 4973 (class 2606 OID 17429)
-- Name: django_admin_log django_admin_log_pkey; Type: CONSTRAINT; Schema: public; Owner: postgres
--

ALTER TABLE ONLY public.django_admin_log
    ADD CONSTRAINT django_admin_log_pkey PRIMARY KEY (id);


--
-- TOC entry 4935 (class 2606 OID 17296)
-- Name: django_content_type django_content_type_app_label_model_76bd3d3b_uniq; Type: CONSTRAINT; Schema: public; Owner: postgres
--

ALTER TABLE ONLY public.django_content_type
    ADD CONSTRAINT django_content_type_app_label_model_76bd3d3b_uniq UNIQUE (app_label, model);


--
-- TOC entry 4937 (class 2606 OID 17294)
-- Name: django_content_type django_content_type_pkey; Type: CONSTRAINT; Schema: public; Owner: postgres
--

ALTER TABLE ONLY public.django_content_type
    ADD CONSTRAINT django_content_type_pkey PRIMARY KEY (id);


--
-- TOC entry 4933 (class 2606 OID 17284)
-- Name: django_migrations django_migrations_pkey; Type: CONSTRAINT; Schema: public; Owner: postgres
--

ALTER TABLE ONLY public.django_migrations
    ADD CONSTRAINT django_migrations_pkey PRIMARY KEY (id);


--
-- TOC entry 5003 (class 2606 OID 17584)
-- Name: django_session django_session_pkey; Type: CONSTRAINT; Schema: public; Owner: postgres
--

ALTER TABLE ONLY public.django_session
    ADD CONSTRAINT django_session_pkey PRIMARY KEY (session_key);


--
-- TOC entry 4996 (class 2606 OID 17551)
-- Name: orders_order orders_order_pkey; Type: CONSTRAINT; Schema: public; Owner: postgres
--

ALTER TABLE ONLY public.orders_order
    ADD CONSTRAINT orders_order_pkey PRIMARY KEY (id);


--
-- TOC entry 4999 (class 2606 OID 17562)
-- Name: orders_orderitem orders_orderitem_pkey; Type: CONSTRAINT; Schema: public; Owner: postgres
--

ALTER TABLE ONLY public.orders_orderitem
    ADD CONSTRAINT orders_orderitem_pkey PRIMARY KEY (id);


--
-- TOC entry 4943 (class 1259 OID 17453)
-- Name: auth_group_name_a6ea08ec_like; Type: INDEX; Schema: public; Owner: postgres
--

CREATE INDEX auth_group_name_a6ea08ec_like ON public.auth_group USING btree (name varchar_pattern_ops);


--
-- TOC entry 4948 (class 1259 OID 17384)
-- Name: auth_group_permissions_group_id_b120cbf9; Type: INDEX; Schema: public; Owner: postgres
--

CREATE INDEX auth_group_permissions_group_id_b120cbf9 ON public.auth_group_permissions USING btree (group_id);


--
-- TOC entry 4951 (class 1259 OID 17385)
-- Name: auth_group_permissions_permission_id_84c5c92e; Type: INDEX; Schema: public; Owner: postgres
--

CREATE INDEX auth_group_permissions_permission_id_84c5c92e ON public.auth_group_permissions USING btree (permission_id);


--
-- TOC entry 4938 (class 1259 OID 17370)
-- Name: auth_permission_content_type_id_2f476e4b; Type: INDEX; Schema: public; Owner: postgres
--

CREATE INDEX auth_permission_content_type_id_2f476e4b ON public.auth_permission USING btree (content_type_id);


--
-- TOC entry 4959 (class 1259 OID 17400)
-- Name: auth_user_groups_group_id_97559544; Type: INDEX; Schema: public; Owner: postgres
--

CREATE INDEX auth_user_groups_group_id_97559544 ON public.auth_user_groups USING btree (group_id);


--
-- TOC entry 4962 (class 1259 OID 17399)
-- Name: auth_user_groups_user_id_6a12ed8b; Type: INDEX; Schema: public; Owner: postgres
--

CREATE INDEX auth_user_groups_user_id_6a12ed8b ON public.auth_user_groups USING btree (user_id);


--
-- TOC entry 4965 (class 1259 OID 17414)
-- Name: auth_user_user_permissions_permission_id_1fbb5f2c; Type: INDEX; Schema: public; Owner: postgres
--

CREATE INDEX auth_user_user_permissions_permission_id_1fbb5f2c ON public.auth_user_user_permissions USING btree (permission_id);


--
-- TOC entry 4968 (class 1259 OID 17413)
-- Name: auth_user_user_permissions_user_id_a95ead1b; Type: INDEX; Schema: public; Owner: postgres
--

CREATE INDEX auth_user_user_permissions_user_id_a95ead1b ON public.auth_user_user_permissions USING btree (user_id);


--
-- TOC entry 4956 (class 1259 OID 17446)
-- Name: auth_user_username_6821ab7c_like; Type: INDEX; Schema: public; Owner: postgres
--

CREATE INDEX auth_user_username_6821ab7c_like ON public.auth_user USING btree (username varchar_pattern_ops);


--
-- TOC entry 4977 (class 1259 OID 17516)
-- Name: catalog_category_slug_dbf63ad0_like; Type: INDEX; Schema: public; Owner: postgres
--

CREATE INDEX catalog_category_slug_dbf63ad0_like ON public.catalog_category USING btree (slug varchar_pattern_ops);


--
-- TOC entry 4980 (class 1259 OID 17523)
-- Name: catalog_product_category_id_35bf920b; Type: INDEX; Schema: public; Owner: postgres
--

CREATE INDEX catalog_product_category_id_35bf920b ON public.catalog_product USING btree (category_id);


--
-- TOC entry 4983 (class 1259 OID 17522)
-- Name: catalog_product_slug_f37848b0_like; Type: INDEX; Schema: public; Owner: postgres
--

CREATE INDEX catalog_product_slug_f37848b0_like ON public.catalog_product USING btree (slug varchar_pattern_ops);


--
-- TOC entry 4988 (class 1259 OID 17529)
-- Name: catalog_productimage_product_id_1f42dd8c; Type: INDEX; Schema: public; Owner: postgres
--

CREATE INDEX catalog_productimage_product_id_1f42dd8c ON public.catalog_productimage USING btree (product_id);


--
-- TOC entry 4991 (class 1259 OID 17536)
-- Name: catalog_productvariant_product_id_422f9d19; Type: INDEX; Schema: public; Owner: postgres
--

CREATE INDEX catalog_productvariant_product_id_422f9d19 ON public.catalog_productvariant USING btree (product_id);


--
-- TOC entry 4992 (class 1259 OID 17535)
-- Name: catalog_productvariant_sku_da81620a_like; Type: INDEX; Schema: public; Owner: postgres
--

CREATE INDEX catalog_productvariant_sku_da81620a_like ON public.catalog_productvariant USING btree (sku varchar_pattern_ops);


--
-- TOC entry 4971 (class 1259 OID 17440)
-- Name: django_admin_log_content_type_id_c4bce8eb; Type: INDEX; Schema: public; Owner: postgres
--

CREATE INDEX django_admin_log_content_type_id_c4bce8eb ON public.django_admin_log USING btree (content_type_id);


--
-- TOC entry 4974 (class 1259 OID 17441)
-- Name: django_admin_log_user_id_c564eba6; Type: INDEX; Schema: public; Owner: postgres
--

CREATE INDEX django_admin_log_user_id_c564eba6 ON public.django_admin_log USING btree (user_id);


--
-- TOC entry 5001 (class 1259 OID 17586)
-- Name: django_session_expire_date_a5c62663; Type: INDEX; Schema: public; Owner: postgres
--

CREATE INDEX django_session_expire_date_a5c62663 ON public.django_session USING btree (expire_date);


--
-- TOC entry 5004 (class 1259 OID 17585)
-- Name: django_session_session_key_c0390e0f_like; Type: INDEX; Schema: public; Owner: postgres
--

CREATE INDEX django_session_session_key_c0390e0f_like ON public.django_session USING btree (session_key varchar_pattern_ops);


--
-- TOC entry 4997 (class 1259 OID 17573)
-- Name: orders_orderitem_order_id_fe61a34d; Type: INDEX; Schema: public; Owner: postgres
--

CREATE INDEX orders_orderitem_order_id_fe61a34d ON public.orders_orderitem USING btree (order_id);


--
-- TOC entry 5000 (class 1259 OID 17574)
-- Name: orders_orderitem_variant_id_5d350ded; Type: INDEX; Schema: public; Owner: postgres
--

CREATE INDEX orders_orderitem_variant_id_5d350ded ON public.orders_orderitem USING btree (variant_id);


--
-- TOC entry 5006 (class 2606 OID 17379)
-- Name: auth_group_permissions auth_group_permissio_permission_id_84c5c92e_fk_auth_perm; Type: FK CONSTRAINT; Schema: public; Owner: postgres
--

ALTER TABLE ONLY public.auth_group_permissions
    ADD CONSTRAINT auth_group_permissio_permission_id_84c5c92e_fk_auth_perm FOREIGN KEY (permission_id) REFERENCES public.auth_permission(id) DEFERRABLE INITIALLY DEFERRED;


--
-- TOC entry 5007 (class 2606 OID 17374)
-- Name: auth_group_permissions auth_group_permissions_group_id_b120cbf9_fk_auth_group_id; Type: FK CONSTRAINT; Schema: public; Owner: postgres
--

ALTER TABLE ONLY public.auth_group_permissions
    ADD CONSTRAINT auth_group_permissions_group_id_b120cbf9_fk_auth_group_id FOREIGN KEY (group_id) REFERENCES public.auth_group(id) DEFERRABLE INITIALLY DEFERRED;


--
-- TOC entry 5005 (class 2606 OID 17365)
-- Name: auth_permission auth_permission_content_type_id_2f476e4b_fk_django_co; Type: FK CONSTRAINT; Schema: public; Owner: postgres
--

ALTER TABLE ONLY public.auth_permission
    ADD CONSTRAINT auth_permission_content_type_id_2f476e4b_fk_django_co FOREIGN KEY (content_type_id) REFERENCES public.django_content_type(id) DEFERRABLE INITIALLY DEFERRED;


--
-- TOC entry 5008 (class 2606 OID 17394)
-- Name: auth_user_groups auth_user_groups_group_id_97559544_fk_auth_group_id; Type: FK CONSTRAINT; Schema: public; Owner: postgres
--

ALTER TABLE ONLY public.auth_user_groups
    ADD CONSTRAINT auth_user_groups_group_id_97559544_fk_auth_group_id FOREIGN KEY (group_id) REFERENCES public.auth_group(id) DEFERRABLE INITIALLY DEFERRED;


--
-- TOC entry 5009 (class 2606 OID 17389)
-- Name: auth_user_groups auth_user_groups_user_id_6a12ed8b_fk_auth_user_id; Type: FK CONSTRAINT; Schema: public; Owner: postgres
--

ALTER TABLE ONLY public.auth_user_groups
    ADD CONSTRAINT auth_user_groups_user_id_6a12ed8b_fk_auth_user_id FOREIGN KEY (user_id) REFERENCES public.auth_user(id) DEFERRABLE INITIALLY DEFERRED;


--
-- TOC entry 5010 (class 2606 OID 17408)
-- Name: auth_user_user_permissions auth_user_user_permi_permission_id_1fbb5f2c_fk_auth_perm; Type: FK CONSTRAINT; Schema: public; Owner: postgres
--

ALTER TABLE ONLY public.auth_user_user_permissions
    ADD CONSTRAINT auth_user_user_permi_permission_id_1fbb5f2c_fk_auth_perm FOREIGN KEY (permission_id) REFERENCES public.auth_permission(id) DEFERRABLE INITIALLY DEFERRED;


--
-- TOC entry 5011 (class 2606 OID 17403)
-- Name: auth_user_user_permissions auth_user_user_permissions_user_id_a95ead1b_fk_auth_user_id; Type: FK CONSTRAINT; Schema: public; Owner: postgres
--

ALTER TABLE ONLY public.auth_user_user_permissions
    ADD CONSTRAINT auth_user_user_permissions_user_id_a95ead1b_fk_auth_user_id FOREIGN KEY (user_id) REFERENCES public.auth_user(id) DEFERRABLE INITIALLY DEFERRED;


--
-- TOC entry 5014 (class 2606 OID 17517)
-- Name: catalog_product catalog_product_category_id_35bf920b_fk_catalog_category_id; Type: FK CONSTRAINT; Schema: public; Owner: postgres
--

ALTER TABLE ONLY public.catalog_product
    ADD CONSTRAINT catalog_product_category_id_35bf920b_fk_catalog_category_id FOREIGN KEY (category_id) REFERENCES public.catalog_category(id) DEFERRABLE INITIALLY DEFERRED;


--
-- TOC entry 5015 (class 2606 OID 17524)
-- Name: catalog_productimage catalog_productimage_product_id_1f42dd8c_fk_catalog_product_id; Type: FK CONSTRAINT; Schema: public; Owner: postgres
--

ALTER TABLE ONLY public.catalog_productimage
    ADD CONSTRAINT catalog_productimage_product_id_1f42dd8c_fk_catalog_product_id FOREIGN KEY (product_id) REFERENCES public.catalog_product(id) DEFERRABLE INITIALLY DEFERRED;


--
-- TOC entry 5016 (class 2606 OID 17530)
-- Name: catalog_productvariant catalog_productvaria_product_id_422f9d19_fk_catalog_p; Type: FK CONSTRAINT; Schema: public; Owner: postgres
--

ALTER TABLE ONLY public.catalog_productvariant
    ADD CONSTRAINT catalog_productvaria_product_id_422f9d19_fk_catalog_p FOREIGN KEY (product_id) REFERENCES public.catalog_product(id) DEFERRABLE INITIALLY DEFERRED;


--
-- TOC entry 5012 (class 2606 OID 17430)
-- Name: django_admin_log django_admin_log_content_type_id_c4bce8eb_fk_django_co; Type: FK CONSTRAINT; Schema: public; Owner: postgres
--

ALTER TABLE ONLY public.django_admin_log
    ADD CONSTRAINT django_admin_log_content_type_id_c4bce8eb_fk_django_co FOREIGN KEY (content_type_id) REFERENCES public.django_content_type(id) DEFERRABLE INITIALLY DEFERRED;


--
-- TOC entry 5013 (class 2606 OID 17435)
-- Name: django_admin_log django_admin_log_user_id_c564eba6_fk_auth_user_id; Type: FK CONSTRAINT; Schema: public; Owner: postgres
--

ALTER TABLE ONLY public.django_admin_log
    ADD CONSTRAINT django_admin_log_user_id_c564eba6_fk_auth_user_id FOREIGN KEY (user_id) REFERENCES public.auth_user(id) DEFERRABLE INITIALLY DEFERRED;


--
-- TOC entry 5017 (class 2606 OID 17563)
-- Name: orders_orderitem orders_orderitem_order_id_fe61a34d_fk_orders_order_id; Type: FK CONSTRAINT; Schema: public; Owner: postgres
--

ALTER TABLE ONLY public.orders_orderitem
    ADD CONSTRAINT orders_orderitem_order_id_fe61a34d_fk_orders_order_id FOREIGN KEY (order_id) REFERENCES public.orders_order(id) DEFERRABLE INITIALLY DEFERRED;


--
-- TOC entry 5018 (class 2606 OID 17568)
-- Name: orders_orderitem orders_orderitem_variant_id_5d350ded_fk_catalog_p; Type: FK CONSTRAINT; Schema: public; Owner: postgres
--

ALTER TABLE ONLY public.orders_orderitem
    ADD CONSTRAINT orders_orderitem_variant_id_5d350ded_fk_catalog_p FOREIGN KEY (variant_id) REFERENCES public.catalog_productvariant(id) DEFERRABLE INITIALLY DEFERRED;


--
-- TOC entry 5204 (class 0 OID 0)
-- Dependencies: 5
-- Name: SCHEMA public; Type: ACL; Schema: -; Owner: postgres
--

REVOKE USAGE ON SCHEMA public FROM PUBLIC;
GRANT ALL ON SCHEMA public TO PUBLIC;


-- Completed on 2026-03-09 07:30:06

--
-- PostgreSQL database dump complete
--

\unrestrict OvWPBU6JDXKqW14NaxGxv5v2NRYHKJDT2deqhqIo1h1J8qK3rLBPY6Glu9SaWpr

--
-- Database "postgres" dump
--

\connect postgres

--
-- PostgreSQL database dump
--

\restrict e9u8Jmymt59F6WPIksWDxLax1mkbZYOdtR9LtmdB4WElUAsdPF4K8U3q8jdL4Aw

-- Dumped from database version 18.3
-- Dumped by pg_dump version 18.1

-- Started on 2026-03-09 07:30:06

SET statement_timeout = 0;
SET lock_timeout = 0;
SET idle_in_transaction_session_timeout = 0;
SET transaction_timeout = 0;
SET client_encoding = 'UTF8';
SET standard_conforming_strings = on;
SELECT pg_catalog.set_config('search_path', '', false);
SET check_function_bodies = false;
SET xmloption = content;
SET client_min_messages = warning;
SET row_security = off;

-- Completed on 2026-03-09 07:30:06

--
-- PostgreSQL database dump complete
--

\unrestrict e9u8Jmymt59F6WPIksWDxLax1mkbZYOdtR9LtmdB4WElUAsdPF4K8U3q8jdL4Aw

-- Completed on 2026-03-09 07:30:06

--
-- PostgreSQL database cluster dump complete
--

